<?xml version="1.0" encoding="UTF-8"?>
<!DOCTYPE doc SYSTEM "doc.dtd">
<doc title="{[project]}" subtitle="User Guides" toc="n">
    <description>List of available {[project]} user guides.</description>

    <section id="index">
        <title>Available User Guides</title>

        <list>
            <list-item><link url="user-guide.html">{[os-debian-title]} / PostgreSQL {[os-debian-pg-version-min]}-{[os-debian-pg-version-max]}</link></list-item>
            <list-item><link url="user-guide-centos8.html">{[os-centos-title]} / PostgreSQL {[os-centos8-pg-version-min]}-{[os-centos8-pg-version-max]}</link></list-item>
            <list-item><link url="user-guide-centos7.html">{[os-centos-title]} / PostgreSQL {[os-centos7-pg-version-min]}-{[os-centos7-pg-version-max]}</link></list-item>
        </list>
    </section>
</doc>
